<?xml version="1.0" encoding="UTF-8"?>
<!DOCTYPE mapper
PUBLIC "-//mybatis.org//DTD Mapper 3.0//EN"
"http://mybatis.org/dtd/mybatis-3-mapper.dtd">


<mapper namespace="com.aloha.community.mapper.BoardMapper">

    <select id="list" resultType="Board">
        SELECT *
        FROM board
        WHERE 
            <if test="option.code == 0">
                title LIKE CONCAT('%', #{option.keyword}, '%')
            OR writer LIKE CONCAT('%', #{option.keyword}, '%')
            OR content LIKE CONCAT('%', #{option.keyword}, '%')
            </if>
            <if test="option.code == 1">
                title LIKE CONCAT('%', #{option.keyword}, '%')
            </if>
            <if test="option.code == 2">
                 content LIKE CONCAT('%', #{option.keyword}, '%')
            </if>
            <if test="option.code == 3">
                title LIKE CONCAT('%', #{option.keyword}, '%')
            OR content LIKE CONCAT('%', #{option.keyword}, '%')
            </if>
            <if test="option.code == 4">
                 writer LIKE CONCAT('%', #{option.keyword}, '%')
            </if>
    </select>

    <select id="select" resultType="Board">
        SELECT *
        FROM board
        WHERE id = #{id}
    </select>

    <!-- Mybatis 의 useGenerateKeys 를 사용하면
        MySQL 의 AUTO_INCREMENT 되는 값을 전달한 객체에 지정한 변수로 매핑할 수 있다.
    -->
    <insert id="insert" useGeneratedKeys="true" keyProperty="no">
        INSERT INTO board( id, title, writer, content)
        VALUES ( #{id}, #{title}, #{writer}, #{content} )
    </insert>


    <update id="update">
        UPDATE board
           SET title = #{title}
              ,writer = #{writer}
              ,content = #{content}
              ,updated_at = now()
        WHERE id = #{id}
    </update>


    <delete id="delete">
        DELETE FROM board
        WHERE id = #{id}
    </delete>
</mapper>