<?xml version="1.0" encoding="UTF-8"?>
<!DOCTYPE mapper
PUBLIC "-//mybatis.org//DTD Mapper 3.0//EN"
"http://mybatis.org/dtd/mybatis-3-mapper.dtd">

<mapper namespace="com.aloha.community.mapper.FileMapper">

    <select id="list" resultType="Files">
        SELECT *
        FROM files
        ORDER BY created_at DESC
    </select>


    <select id="select" resultType="Files">
        SELECT *
        FROM files
        WHERE id = #{id}
    </select>

    <insert id="insert">
        INSERT INTO files( id,file_name,file_path,file_size,type, parent_table, parent_no)
        VALUES ( #{id}, #{fileName}, #{filePath}, #{fileSize}, #{type}, #{parentTable}, #{parentNo} )
    </insert>

    <update id="update">
        UPDATE files
           SET file_name = #{fileName}
              ,file_path = #{filePath}
              ,file_size = #{fileSize}
              ,type = #{type}
              ,parent_table = #{parentTable}
              ,parent_no = #{parentNo}
        WHERE id = #{id}
    </update>   

    <delete id="delete">
        DELETE FROM files
        WHERE id = #{id}
    </delete>

    <!-- 부모테이블 기준 파일 목록 -->
    <select id="listByParent" resultType="Files">
        SELECT *
        FROM files
        WHERE parent_table = #{parentTable}
          AND parent_no = #{parentNo}
    </select>

    <!-- 부모테이블 기준 파일 삭제 -->
    <delete id="deleteByParent">
        DELETE
        FROM files
        WHERE parent_table = #{parentTable}
          AND parent_no = #{parentNo}
    </delete>
</mapper>